{
	"data": {
			"endpointWebhook": "webhook",
			"endpointWebhookTest": "webhook-test",
			"saveDataErrorExecution": "all",
			"saveDataSuccessExecution": "all",
			"saveManualExecutions": false,
			"executionTimeout": -1,
			"maxExecutionTimeout": 3600,
			"workflowCallerPolicyDefaultOption": "workflowsFromSameOwner",
			"timezone": "America/New_York",
			"urlBaseWebhook": "http://localhost:5678/",
			"urlBaseEditor": "http://localhost:5678",
			"versionCli": "0.221.2",
			"oauthCallbackUrls": {
				"oauth1": "http://localhost:5678/rest/oauth1-credential/callback",
				"oauth2": "http://localhost:5678/rest/oauth2-credential/callback"
			},
			"versionNotifications": {
				"enabled": true,
				"endpoint": "https://api.n8n.io/api/versions/",
				"infoUrl": "https://docs.n8n.io/getting-started/installation/updating.html"
			},
			"instanceId": "c229842c6d1e217486d04caf7223758e08385156ca87a58286c850760c7161f4",
			"telemetry": {
				"enabled": true
			},
			"posthog": {
				"enabled": false,
				"apiHost": "https://ph.n8n.io",
				"apiKey": "phc_4URIAm1uYfJO7j8kWSe0J8lc8IqnstRLS7Jx8NcakHo",
				"autocapture": false,
				"disableSessionRecording": true,
				"debug": false
			},
			"personalizationSurveyEnabled": false,
			"userActivationSurveyEnabled": true,
			"defaultLocale": "en",
			"userManagement": {
				"enabled": true,
				"showSetupOnFirstLoad": false,
				"smtpSetup": false
			},
			"sso": {
				"saml": {
					"loginEnabled": false,
					"loginLabel": ""
				},
				"ldap": {
					"loginEnabled": false,
					"loginLabel": ""
				}
			},
			"publicApi": {
				"enabled": false,
				"latestVersion": 1,
				"path": "api",
				"swaggerUi": {
					"enabled": true
				}
			},
			"workflowTagsDisabled": false,
			"logLevel": "info",
			"hiringBannerEnabled": true,
			"templates": {
				"enabled": true,
				"host": "https://api.n8n.io/api/"
			},
			"onboardingCallPromptEnabled": true,
			"executionMode": "regular",
			"pushBackend": "sse",
			"communityNodesEnabled": true,
			"deployment": {
				"type": "default"
			},
			"isNpmAvailable": false,
			"allowedModules": {},
			"enterprise": {
				"sharing": true,
				"ldap": true,
				"saml": false,
				"logStreaming": false,
				"advancedExecutionFilters": false
			},
			"hideUsagePage": false,
			"license": {
				"environment": "production"
			}
		}
}
